{
  "href" : "https://api.spotify.com/v1/users/thewhitehouse/playlists/2Zve7PqFSlGl0ojgGnhFTm/tracks?offset=0&limit=100",
  "items" : [ {
    "added_at" : "2016-08-11T03:03:55Z",
    "added_by" : {
      "external_urls" : {
        "spotify" : "http://open.spotify.com/user/thewhitehouse"
      },
      "href" : "https://api.spotify.com/v1/users/thewhitehouse",
      "id" : "thewhitehouse",
      "type" : "user",
      "uri" : "spotify:user:thewhitehouse"
    },
    "is_local" : false,
    "track" : {
      "album" : {
        "album_type" : "single",
        "available_markets" : [ "CA", "GB", "IE", "US" ],
        "external_urls" : {
          "spotify" : "https://open.spotify.com/album/6hAHRwflDjQC9b575h4JcS"
        },
        "href" : "https://api.spotify.com/v1/albums/6hAHRwflDjQC9b575h4JcS",
        "id" : "6hAHRwflDjQC9b575h4JcS",
        "images" : [ {
          "height" : 640,
          "url" : "https://i.scdn.co/image/9150159f10f8c7f74fb5b22f8e78e0b529e1d778",
          "width" : 640
        }, {
          "height" : 300,
          "url" : "https://i.scdn.co/image/f0b53810396e0dd34ca8b9e8adff55bd164e8e92",
          "width" : 300
        }, {
          "height" : 64,
          "url" : "https://i.scdn.co/image/46152acd155b98f622e774b515364b4126187216",
          "width" : 64
        } ],
        "name" : "LoveHate Thing (feat. Sam Dew)",
        "type" : "album",
        "uri" : "spotify:album:6hAHRwflDjQC9b575h4JcS"
      },
      "artists" : [ {
        "external_urls" : {
          "spotify" : "https://open.spotify.com/artist/67nwj3Y5sZQLl72VNUHEYE"
        },
        "href" : "https://api.spotify.com/v1/artists/67nwj3Y5sZQLl72VNUHEYE",
        "id" : "67nwj3Y5sZQLl72VNUHEYE",
        "name" : "Wale",
        "type" : "artist",
        "uri" : "spotify:artist:67nwj3Y5sZQLl72VNUHEYE"
      }, {
        "external_urls" : {
          "spotify" : "https://open.spotify.com/artist/1SIw8nXWjvAKeb6Dhh85cz"
        },
        "href" : "https://api.spotify.com/v1/artists/1SIw8nXWjvAKeb6Dhh85cz",
        "id" : "1SIw8nXWjvAKeb6Dhh85cz",
        "name" : "Sam Dew",
        "type" : "artist",
        "uri" : "spotify:artist:1SIw8nXWjvAKeb6Dhh85cz"
      } ],
      "available_markets" : [ "CA", "GB", "IE", "US" ],
      "disc_number" : 1,
      "duration_ms" : 266676,
      "explicit" : true,
      "external_ids" : {
        "isrc" : "USAT21301253"
      },
      "external_urls" : {
        "spotify" : "https://open.spotify.com/track/1fnNGhUpiLyrN9ZjrNSnt9"
      },
      "href" : "https://api.spotify.com/v1/tracks/1fnNGhUpiLyrN9ZjrNSnt9",
      "id" : "1fnNGhUpiLyrN9ZjrNSnt9",
      "name" : "LoveHate Thing - feat. Sam Dew",
      "popularity" : 54,
      "preview_url" : "https://p.scdn.co/mp3-preview/e3a5d9be9544a5037d05516a1188d74418094421",
      "track_number" : 1,
      "type" : "track",
      "uri" : "spotify:track:1fnNGhUpiLyrN9ZjrNSnt9"
    }
  }, {
    "added_at" : "2016-08-11T03:04:35Z",
    "added_by" : {
      "external_urls" : {
        "spotify" : "http://open.spotify.com/user/thewhitehouse"
      },
      "href" : "https://api.spotify.com/v1/users/thewhitehouse",
      "id" : "thewhitehouse",
      "type" : "user",
      "uri" : "spotify:user:thewhitehouse"
    },
    "is_local" : false,
    "track" : {
      "album" : {
        "album_type" : "album",
        "available_markets" : [ "AR", "AU", "AT", "BE", "BO", "BR", "BG", "CA", "CL", "CO", "CR", "CY", "CZ", "DK", "DO", "DE", "EC", "EE", "SV", "FI", "FR", "GR", "GT", "HN", "HK", "HU", "IS", "IE", "IT", "LV", "LT", "LU", "MY", "MT", "MX", "NL", "NZ", "NI", "NO", "PA", "PY", "PE", "PH", "PL", "PT", "SG", "SK", "ES", "SE", "CH", "TW", "TR", "UY", "US", "GB", "AD", "LI", "MC", "ID" ],
        "external_urls" : {
          "spotify" : "https://open.spotify.com/album/4svLfrPPk2npPVuI4kXPYg"
        },
        "href" : "https://api.spotify.com/v1/albums/4svLfrPPk2npPVuI4kXPYg",
        "id" : "4svLfrPPk2npPVuI4kXPYg",
        "images" : [ {
          "height" : 640,
          "url" : "https://i.scdn.co/image/de3ea93c5c121a331ca3921162aff554a774ef3c",
          "width" : 640
        }, {
          "height" : 300,
          "url" : "https://i.scdn.co/image/9bbb9727a39660cdefc0ace92eefd94fa556f764",
          "width" : 300
        }, {
          "height" : 64,
          "url" : "https://i.scdn.co/image/ddbdae292d5bea798aabf34777d6af3a4656b8e2",
          "width" : 64
        } ],
        "name" : "Coming Home",
        "type" : "album",
        "uri" : "spotify:album:4svLfrPPk2npPVuI4kXPYg"
      },
      "artists" : [ {
        "external_urls" : {
          "spotify" : "https://open.spotify.com/artist/3qnGvpP8Yth1AqSBMqON5x"
        },
        "href" : "https://api.spotify.com/v1/artists/3qnGvpP8Yth1AqSBMqON5x",
        "id" : "3qnGvpP8Yth1AqSBMqON5x",
        "name" : "Leon Bridges",
        "type" : "artist",
        "uri" : "spotify:artist:3qnGvpP8Yth1AqSBMqON5x"
      } ],
      "available_markets" : [ "AR", "AU", "AT", "BE", "BO", "BR", "BG", "CA", "CL", "CO", "CR", "CY", "CZ", "DK", "DO", "DE", "EC", "EE", "SV", "FI", "FR", "GR", "GT", "HN", "HK", "HU", "IS", "IE", "IT", "LV", "LT", "LU", "MY", "MT", "MX", "NL", "NZ", "NI", "NO", "PA", "PY", "PE", "PH", "PL", "PT", "SG", "SK", "ES", "SE", "CH", "TW", "TR", "UY", "US", "GB", "AD", "LI", "MC", "ID" ],
      "disc_number" : 1,
      "duration_ms" : 183333,
      "explicit" : false,
      "external_ids" : {
        "isrc" : "USQX91500476"
      },
      "external_urls" : {
        "spotify" : "https://open.spotify.com/track/3JbqwFY5q0ORO3siv5zL3A"
      },
      "href" : "https://api.spotify.com/v1/tracks/3JbqwFY5q0ORO3siv5zL3A",
      "id" : "3JbqwFY5q0ORO3siv5zL3A",
      "name" : "Smooth Sailin'",
      "popularity" : 64,
      "preview_url" : "https://p.scdn.co/mp3-preview/02fa797fdd513d95a4f76a0f76c0322af20ad463",
      "track_number" : 4,
      "type" : "track",
      "uri" : "spotify:track:3JbqwFY5q0ORO3siv5zL3A"
    }
  }, {
    "added_at" : "2016-08-11T03:04:50Z",
    "added_by" : {
      "external_urls" : {
        "spotify" : "http://open.spotify.com/user/thewhitehouse"
      },
      "href" : "https://api.spotify.com/v1/users/thewhitehouse",
      "id" : "thewhitehouse",
      "type" : "user",
      "uri" : "spotify:user:thewhitehouse"
    },
    "is_local" : false,
    "track" : {
      "album" : {
        "album_type" : "album",
        "available_markets" : [ "CA", "MX", "US" ],
        "external_urls" : {
          "spotify" : "https://open.spotify.com/album/1WBps8cIMT6LYVq5rYh5ze"
        },
        "href" : "https://api.spotify.com/v1/albums/1WBps8cIMT6LYVq5rYh5ze",
        "id" : "1WBps8cIMT6LYVq5rYh5ze",
        "images" : [ {
          "height" : 640,
          "url" : "https://i.scdn.co/image/92232e18155ddedd32b027dd9631d02f7879f632",
          "width" : 640
        }, {
          "height" : 300,
          "url" : "https://i.scdn.co/image/b88fd191cb3728cf8e449ef877cf42b2556fc289",
          "width" : 300
        }, {
          "height" : 64,
          "url" : "https://i.scdn.co/image/862083ac0dc3289553535ed9ff206f994f08cc06",
          "width" : 64
        } ],
        "name" : "Sometimes I Sit and Think, And Sometimes I Just Sit",
        "type" : "album",
        "uri" : "spotify:album:1WBps8cIMT6LYVq5rYh5ze"
      },
      "artists" : [ {
        "external_urls" : {
          "spotify" : "https://open.spotify.com/artist/4OOlG5eBXSkSAAEeKjJb5Y"
        },
        "href" : "https://api.spotify.com/v1/artists/4OOlG5eBXSkSAAEeKjJb5Y",
        "id" : "4OOlG5eBXSkSAAEeKjJb5Y",
        "name" : "Courtney Barnett",
        "type" : "artist",
        "uri" : "spotify:artist:4OOlG5eBXSkSAAEeKjJb5Y"
      } ],
      "available_markets" : [ "CA", "MX", "US" ],
      "disc_number" : 1,
      "duration_ms" : 194946,
      "explicit" : false,
      "external_ids" : {
        "isrc" : "GBX721400143"
      },
      "external_urls" : {
        "spotify" : "https://open.spotify.com/track/5loHxmUIGJEJCWKZcHPLuE"
      },
      "href" : "https://api.spotify.com/v1/tracks/5loHxmUIGJEJCWKZcHPLuE",
      "id" : "5loHxmUIGJEJCWKZcHPLuE",
      "name" : "Elevator Operator",
      "popularity" : 55,
      "preview_url" : "https://p.scdn.co/mp3-preview/668cebcce888167976b316f7c5738d7311fba49d",
      "track_number" : 1,
      "type" : "track",
      "uri" : "spotify:track:5loHxmUIGJEJCWKZcHPLuE"
    }
  }, {
    "added_at" : "2016-08-11T03:05:06Z",
    "added_by" : {
      "external_urls" : {
        "spotify" : "http://open.spotify.com/user/thewhitehouse"
      },
      "href" : "https://api.spotify.com/v1/users/thewhitehouse",
      "id" : "thewhitehouse",
      "type" : "user",
      "uri" : "spotify:user:thewhitehouse"
    },
    "is_local" : false,
    "track" : {
      "album" : {
        "album_type" : "album",
        "available_markets" : [ "US" ],
        "external_urls" : {
          "spotify" : "https://open.spotify.com/album/4EBtalKeisyblXwox9mMXf"
        },
        "href" : "https://api.spotify.com/v1/albums/4EBtalKeisyblXwox9mMXf",
        "id" : "4EBtalKeisyblXwox9mMXf",
        "images" : [ {
          "height" : 640,
          "url" : "https://i.scdn.co/image/8cf441e9ba44df92f902ce23143d6f7fc7e2986e",
          "width" : 640
        }, {
          "height" : 300,
          "url" : "https://i.scdn.co/image/61c197a3231fcc2c9ba9613f31ff5bb990935f68",
          "width" : 300
        }, {
          "height" : 64,
          "url" : "https://i.scdn.co/image/29094fea9be7450918e47f48b9fcc7d923b6a853",
          "width" : 64
        } ],
        "name" : "Up From Below",
        "type" : "album",
        "uri" : "spotify:album:4EBtalKeisyblXwox9mMXf"
      },
      "artists" : [ {
        "external_urls" : {
          "spotify" : "https://open.spotify.com/artist/7giUHu5pv6YTZgSkxxCcgh"
        },
        "href" : "https://api.spotify.com/v1/artists/7giUHu5pv6YTZgSkxxCcgh",
        "id" : "7giUHu5pv6YTZgSkxxCcgh",
        "name" : "Edward Sharpe & The Magnetic Zeros",
        "type" : "artist",
        "uri" : "spotify:artist:7giUHu5pv6YTZgSkxxCcgh"
      } ],
      "available_markets" : [ "US" ],
      "disc_number" : 1,
      "duration_ms" : 303200,
      "explicit" : false,
      "external_ids" : {
        "isrc" : "USVR90954206"
      },
      "external_urls" : {
        "spotify" : "https://open.spotify.com/track/6ZapsNk1ZpaebNXAIohP9R"
      },
      "href" : "https://api.spotify.com/v1/tracks/6ZapsNk1ZpaebNXAIohP9R",
      "id" : "6ZapsNk1ZpaebNXAIohP9R",
      "name" : "Home",
      "popularity" : 70,
      "preview_url" : "https://p.scdn.co/mp3-preview/8e1ff07117c78984d221597a80148e80eae6e146",
      "track_number" : 6,
      "type" : "track",
      "uri" : "spotify:track:6ZapsNk1ZpaebNXAIohP9R"
    }
  }, {
    "added_at" : "2016-08-11T03:05:25Z",
    "added_by" : {
      "external_urls" : {
        "spotify" : "http://open.spotify.com/user/thewhitehouse"
      },
      "href" : "https://api.spotify.com/v1/users/thewhitehouse",
      "id" : "thewhitehouse",
      "type" : "user",
      "uri" : "spotify:user:thewhitehouse"
    },
    "is_local" : false,
    "track" : {
      "album" : {
        "album_type" : "album",
        "available_markets" : [ "AR", "AU", "AT", "BE", "BO", "BR", "BG", "CA", "CL", "CO", "CR", "CY", "CZ", "DK", "DO", "DE", "EC", "EE", "SV", "FI", "FR", "GR", "GT", "HN", "HK", "HU", "IS", "IE", "IT", "LV", "LT", "LU", "MY", "MT", "MX", "NL", "NZ", "NI", "NO", "PA", "PY", "PE", "PH", "PL", "PT", "SG", "SK", "ES", "SE", "CH", "TW", "TR", "UY", "US", "GB", "AD", "LI", "MC", "ID" ],
        "external_urls" : {
          "spotify" : "https://open.spotify.com/album/2Z9WUERfMjOgQ6ze9TcGbF"
        },
        "href" : "https://api.spotify.com/v1/albums/2Z9WUERfMjOgQ6ze9TcGbF",
        "id" : "2Z9WUERfMjOgQ6ze9TcGbF",
        "images" : [ {
          "height" : 640,
          "url" : "https://i.scdn.co/image/27ab25ba25e7081d790dcca2255ce65b4f0731b8",
          "width" : 640
        }, {
          "height" : 300,
          "url" : "https://i.scdn.co/image/6a3e745c79a612fd10063cb01d558ec5d5b22cbe",
          "width" : 300
        }, {
          "height" : 64,
          "url" : "https://i.scdn.co/image/6321f728e36658e96c604e04eb3dccab9d11ee92",
          "width" : 64
        } ],
        "name" : "Little Voice",
        "type" : "album",
        "uri" : "spotify:album:2Z9WUERfMjOgQ6ze9TcGbF"
      },
      "artists" : [ {
        "external_urls" : {
          "spotify" : "https://open.spotify.com/artist/2Sqr0DXoaYABbjBo9HaMkM"
        },
        "href" : "https://api.spotify.com/v1/artists/2Sqr0DXoaYABbjBo9HaMkM",
        "id" : "2Sqr0DXoaYABbjBo9HaMkM",
        "name" : "Sara Bareilles",
        "type" : "artist",
        "uri" : "spotify:artist:2Sqr0DXoaYABbjBo9HaMkM"
      } ],
      "available_markets" : [ "AR", "AU", "AT", "BE", "BO", "BR", "BG", "CA", "CL", "CO", "CR", "CY", "CZ", "DK", "DO", "DE", "EC", "EE", "SV", "FI", "FR", "GR", "GT", "HN", "HK", "HU", "IS", "IE", "IT", "LV", "LT", "LU", "MY", "MT", "MX", "NL", "NZ", "NI", "NO", "PA", "PY", "PE", "PH", "PL", "PT", "SG", "SK", "ES", "SE", "CH", "TW", "TR", "UY", "US", "GB", "AD", "LI", "MC", "ID" ],
      "disc_number" : 1,
      "duration_ms" : 311173,
      "explicit" : false,
      "external_ids" : {
        "isrc" : "USSM10702219"
      },
      "external_urls" : {
        "spotify" : "https://open.spotify.com/track/03kCR9HZpX5muU7D8xYPOL"
      },
      "href" : "https://api.spotify.com/v1/tracks/03kCR9HZpX5muU7D8xYPOL",
      "id" : "03kCR9HZpX5muU7D8xYPOL",
      "name" : "Many the Miles",
      "popularity" : 56,
      "preview_url" : "https://p.scdn.co/mp3-preview/6201dbc0951b045aaf3054f5916bb9bd9664bb4c",
      "track_number" : 10,
      "type" : "track",
      "uri" : "spotify:track:03kCR9HZpX5muU7D8xYPOL"
    }
  }, {
    "added_at" : "2016-08-11T03:05:50Z",
    "added_by" : {
      "external_urls" : {
        "spotify" : "http://open.spotify.com/user/thewhitehouse"
      },
      "href" : "https://api.spotify.com/v1/users/thewhitehouse",
      "id" : "thewhitehouse",
      "type" : "user",
      "uri" : "spotify:user:thewhitehouse"
    },
    "is_local" : false,
    "track" : {
      "album" : {
        "album_type" : "single",
        "available_markets" : [ "AR", "AT", "BE", "BO", "BR", "BG", "CA", "CL", "CO", "CR", "CY", "CZ", "DK", "DO", "DE", "EC", "EE", "SV", "FI", "FR", "GR", "GT", "HN", "HU", "IS", "IE", "IT", "LV", "LT", "LU", "MT", "MX", "NL", "NI", "NO", "PA", "PY", "PE", "PL", "PT", "SK", "ES", "SE", "CH", "TR", "UY", "US", "GB", "AD", "LI", "MC" ],
        "external_urls" : {
          "spotify" : "https://open.spotify.com/album/5v2ku0U98MneeKwte1auWd"
        },
        "href" : "https://api.spotify.com/v1/albums/5v2ku0U98MneeKwte1auWd",
        "id" : "5v2ku0U98MneeKwte1auWd",
        "images" : [ {
          "height" : 640,
          "url" : "https://i.scdn.co/image/b1f5ff0f8af91cc287867ebe02645129a8c374d3",
          "width" : 640
        }, {
          "height" : 300,
          "url" : "https://i.scdn.co/image/452f018b48c8740101e773e86e67547d3304d56e",
          "width" : 300
        }, {
          "height" : 64,
          "url" : "https://i.scdn.co/image/65cdaedf59ebb78746d952386286569d5cb4d58f",
          "width" : 64
        } ],
        "name" : "Tightrope",
        "type" : "album",
        "uri" : "spotify:album:5v2ku0U98MneeKwte1auWd"
      },
      "artists" : [ {
        "external_urls" : {
          "spotify" : "https://open.spotify.com/artist/6ueGR6SWhUJfvEhqkvMsVs"
        },
        "href" : "https://api.spotify.com/v1/artists/6ueGR6SWhUJfvEhqkvMsVs",
        "id" : "6ueGR6SWhUJfvEhqkvMsVs",
        "name" : "Janelle Monáe",
        "type" : "artist",
        "uri" : "spotify:artist:6ueGR6SWhUJfvEhqkvMsVs"
      } ],
      "available_markets" : [ "AR", "AT", "BE", "BO", "BR", "BG", "CA", "CL", "CO", "CR", "CY", "CZ", "DK", "DO", "DE", "EC", "EE", "SV", "FI", "FR", "GR", "GT", "HN", "HU", "IS", "IE", "IT", "LV", "LT", "LU", "MT", "MX", "NL", "NI", "NO", "PA", "PY", "PE", "PL", "PT", "SK", "ES", "SE", "CH", "TR", "UY", "US", "GB", "AD", "LI", "MC" ],
      "disc_number" : 1,
      "duration_ms" : 264656,
      "explicit" : false,
      "external_ids" : {
        "isrc" : "USBB41000039"
      },
      "external_urls" : {
        "spotify" : "https://open.spotify.com/track/5oeT9WBOEIgnnggVerhdCb"
      },
      "href" : "https://api.spotify.com/v1/tracks/5oeT9WBOEIgnnggVerhdCb",
      "id" : "5oeT9WBOEIgnnggVerhdCb",
      "name" : "Tightrope - The Solo Version",
      "popularity" : 52,
      "preview_url" : "https://p.scdn.co/mp3-preview/f58f0f9f8284b2f58ff4402f7746fb8cbfffc7f8",
      "track_number" : 1,
      "type" : "track",
      "uri" : "spotify:track:5oeT9WBOEIgnnggVerhdCb"
    }
  }, {
    "added_at" : "2016-08-11T03:06:05Z",
    "added_by" : {
      "external_urls" : {
        "spotify" : "http://open.spotify.com/user/thewhitehouse"
      },
      "href" : "https://api.spotify.com/v1/users/thewhitehouse",
      "id" : "thewhitehouse",
      "type" : "user",
      "uri" : "spotify:user:thewhitehouse"
    },
    "is_local" : false,
    "track" : {
      "album" : {
        "album_type" : "single",
        "available_markets" : [ "AR", "AU", "AT", "BE", "BO", "BR", "BG", "CA", "CL", "CO", "CR", "CY", "CZ", "DK", "DO", "DE", "EC", "EE", "SV", "FI", "FR", "GR", "GT", "HN", "HK", "HU", "IS", "IE", "IT", "LV", "LT", "LU", "MY", "MT", "MX", "NL", "NZ", "NI", "NO", "PA", "PY", "PE", "PH", "PL", "PT", "SG", "SK", "ES", "SE", "CH", "TW", "TR", "UY", "US", "GB", "AD", "LI", "MC", "ID" ],
        "external_urls" : {
          "spotify" : "https://open.spotify.com/album/6WYHzLqNy9g3zNeqs9IwAA"
        },
        "href" : "https://api.spotify.com/v1/albums/6WYHzLqNy9g3zNeqs9IwAA",
        "id" : "6WYHzLqNy9g3zNeqs9IwAA",
        "images" : [ {
          "height" : 640,
          "url" : "https://i.scdn.co/image/d5725eb974d195decc6f92a9afae71741e59c7d2",
          "width" : 640
        }, {
          "height" : 300,
          "url" : "https://i.scdn.co/image/3695415358073759697469820a9e80358c94f4fe",
          "width" : 300
        }, {
          "height" : 64,
          "url" : "https://i.scdn.co/image/f44863aef8338001509fb2a077ae80d9283f427e",
          "width" : 64
        } ],
        "name" : "Classic Man",
        "type" : "album",
        "uri" : "spotify:album:6WYHzLqNy9g3zNeqs9IwAA"
      },
      "artists" : [ {
        "external_urls" : {
          "spotify" : "https://open.spotify.com/artist/4TsHKU8l8Wq7n7OPVikirn"
        },
        "href" : "https://api.spotify.com/v1/artists/4TsHKU8l8Wq7n7OPVikirn",
        "id" : "4TsHKU8l8Wq7n7OPVikirn",
        "name" : "Jidenna",
        "type" : "artist",
        "uri" : "spotify:artist:4TsHKU8l8Wq7n7OPVikirn"
      }, {
        "external_urls" : {
          "spotify" : "https://open.spotify.com/artist/7hgRzsQGjlm1zifNoigyB9"
        },
        "href" : "https://api.spotify.com/v1/artists/7hgRzsQGjlm1zifNoigyB9",
        "id" : "7hgRzsQGjlm1zifNoigyB9",
        "name" : "Roman GianArthur",
        "type" : "artist",
        "uri" : "spotify:artist:7hgRzsQGjlm1zifNoigyB9"
      } ],
      "available_markets" : [ "AR", "AU", "AT", "BE", "BO", "BR", "BG", "CA", "CL", "CO", "CR", "CY", "CZ", "DK", "DO", "DE", "EC", "EE", "SV", "FI", "FR", "GR", "GT", "HN", "HK", "HU", "IS", "IE", "IT", "LV", "LT", "LU", "MY", "MT", "MX", "NL", "NZ", "NI", "NO", "PA", "PY", "PE", "PH", "PL", "PT", "SG", "SK", "ES", "SE", "CH", "TW", "TR", "UY", "US", "GB", "AD", "LI", "MC", "ID" ],
      "disc_number" : 1,
      "duration_ms" : 226000,
      "explicit" : true,
      "external_ids" : {
        "isrc" : "USSM11500430"
      },
      "external_urls" : {
        "spotify" : "https://open.spotify.com/track/3G7XYAwtxtoGK7fAm4IlD9"
      },
      "href" : "https://api.spotify.com/v1/tracks/3G7XYAwtxtoGK7fAm4IlD9",
      "id" : "3G7XYAwtxtoGK7fAm4IlD9",
      "name" : "Classic Man",
      "popularity" : 72,
      "preview_url" : "https://p.scdn.co/mp3-preview/d9f04c0fcf9b455a6f624a3e0c0c73528c556f1f",
      "track_number" : 1,
      "type" : "track",
      "uri" : "spotify:track:3G7XYAwtxtoGK7fAm4IlD9"
    }
  }, {
    "added_at" : "2016-08-11T03:06:25Z",
    "added_by" : {
      "external_urls" : {
        "spotify" : "http://open.spotify.com/user/thewhitehouse"
      },
      "href" : "https://api.spotify.com/v1/users/thewhitehouse",
      "id" : "thewhitehouse",
      "type" : "user",
      "uri" : "spotify:user:thewhitehouse"
    },
    "is_local" : false,
    "track" : {
      "album" : {
        "album_type" : "album",
        "available_markets" : [ "AR", "AT", "BE", "BO", "BR", "BG", "CA", "CL", "CO", "CR", "CY", "CZ", "DK", "DO", "DE", "EC", "EE", "SV", "FI", "GR", "GT", "HN", "HK", "HU", "IS", "IT", "LV", "LT", "LU", "MY", "MT", "MX", "NL", "NI", "NO", "PA", "PY", "PE", "PH", "PL", "PT", "SG", "SK", "SE", "CH", "TW", "TR", "UY", "US", "AD", "LI", "MC", "ID" ],
        "external_urls" : {
          "spotify" : "https://open.spotify.com/album/6V5K77ZC7Gq3I1GgOVSoVs"
        },
        "href" : "https://api.spotify.com/v1/albums/6V5K77ZC7Gq3I1GgOVSoVs",
        "id" : "6V5K77ZC7Gq3I1GgOVSoVs",
        "images" : [ {
          "height" : 640,
          "url" : "https://i.scdn.co/image/8e1815a222659b028e56aa5a3259accf4c742d4c",
          "width" : 640
        }, {
          "height" : 300,
          "url" : "https://i.scdn.co/image/9a6b64e39854af1c211ab88f1bf6a1549ea7f0f4",
          "width" : 300
        }, {
          "height" : 64,
          "url" : "https://i.scdn.co/image/b40faea7b7ae0f422b8a49d63ba8b2702b7f0e5f",
          "width" : 64
        } ],
        "name" : "Próxima Estación: Esperanza",
        "type" : "album",
        "uri" : "spotify:album:6V5K77ZC7Gq3I1GgOVSoVs"
      },
      "artists" : [ {
        "external_urls" : {
          "spotify" : "https://open.spotify.com/artist/6wH6iStAh4KIaWfuhf0NYM"
        },
        "href" : "https://api.spotify.com/v1/artists/6wH6iStAh4KIaWfuhf0NYM",
        "id" : "6wH6iStAh4KIaWfuhf0NYM",
        "name" : "Manu Chao",
        "type" : "artist",
        "uri" : "spotify:artist:6wH6iStAh4KIaWfuhf0NYM"
      } ],
      "available_markets" : [ "AR", "AT", "BE", "BO", "BR", "BG", "CA", "CL", "CO", "CR", "CY", "CZ", "DK", "DO", "DE", "EC", "EE", "SV", "FI", "GR", "GT", "HN", "HK", "HU", "IS", "IT", "LV", "LT", "LU", "MY", "MT", "MX", "NL", "NI", "NO", "PA", "PY", "PE", "PH", "PL", "PT", "SG", "SK", "SE", "CH", "TW", "TR", "UY", "US", "AD", "LI", "MC", "ID" ],
      "disc_number" : 1,
      "duration_ms" : 239986,
      "explicit" : false,
      "external_ids" : {
        "isrc" : "FR84R0000004"
      },
      "external_urls" : {
        "spotify" : "https://open.spotify.com/track/6t0fYRoZlM5kQ9qT19JnbZ"
      },
      "href" : "https://api.spotify.com/v1/tracks/6t0fYRoZlM5kQ9qT19JnbZ",
      "id" : "6t0fYRoZlM5kQ9qT19JnbZ",
      "name" : "Me Gustas Tu",
      "popularity" : 66,
      "preview_url" : "https://p.scdn.co/mp3-preview/7fdcd4d48a713be1fc08b5420d87529339721fb9",
      "track_number" : 6,
      "type" : "track",
      "uri" : "spotify:track:6t0fYRoZlM5kQ9qT19JnbZ"
    }
  }, {
    "added_at" : "2016-08-11T03:06:39Z",
    "added_by" : {
      "external_urls" : {
        "spotify" : "http://open.spotify.com/user/thewhitehouse"
      },
      "href" : "https://api.spotify.com/v1/users/thewhitehouse",
      "id" : "thewhitehouse",
      "type" : "user",
      "uri" : "spotify:user:thewhitehouse"
    },
    "is_local" : false,
    "track" : {
      "album" : {
        "album_type" : "album",
        "available_markets" : [ "CA", "MX", "US" ],
        "external_urls" : {
          "spotify" : "https://open.spotify.com/album/0XFFBEzvJ7Zit24MY5oVV3"
        },
        "href" : "https://api.spotify.com/v1/albums/0XFFBEzvJ7Zit24MY5oVV3",
        "id" : "0XFFBEzvJ7Zit24MY5oVV3",
        "images" : [ {
          "height" : 640,
          "url" : "https://i.scdn.co/image/0744d98a60457bd36fcfc48324b2049a76f732bf",
          "width" : 640
        }, {
          "height" : 300,
          "url" : "https://i.scdn.co/image/a6e8da2905589f967ee781be665dd6b2417d7fa9",
          "width" : 300
        }, {
          "height" : 64,
          "url" : "https://i.scdn.co/image/4071b1c0adaf41a2d94e8f711189a12e0faa50f3",
          "width" : 64
        } ],
        "name" : "Finding Forever",
        "type" : "album",
        "uri" : "spotify:album:0XFFBEzvJ7Zit24MY5oVV3"
      },
      "artists" : [ {
        "external_urls" : {
          "spotify" : "https://open.spotify.com/artist/2GHclqNVjqGuiE5mA7BEoc"
        },
        "href" : "https://api.spotify.com/v1/artists/2GHclqNVjqGuiE5mA7BEoc",
        "id" : "2GHclqNVjqGuiE5mA7BEoc",
        "name" : "Common",
        "type" : "artist",
        "uri" : "spotify:artist:2GHclqNVjqGuiE5mA7BEoc"
      } ],
      "available_markets" : [ "MX", "US" ],
      "disc_number" : 1,
      "duration_ms" : 456226,
      "explicit" : false,
      "external_ids" : {
        "isrc" : "USUM70728995"
      },
      "external_urls" : {
        "spotify" : "https://open.spotify.com/track/6IjorpTGDPyU0On9BU7mnA"
      },
      "href" : "https://api.spotify.com/v1/tracks/6IjorpTGDPyU0On9BU7mnA",
      "id" : "6IjorpTGDPyU0On9BU7mnA",
      "name" : "Forever Begins",
      "popularity" : 51,
      "preview_url" : "https://p.scdn.co/mp3-preview/07b354285fd03741ad028b83d33c581c86b1b36a",
      "track_number" : 12,
      "type" : "track",
      "uri" : "spotify:track:6IjorpTGDPyU0On9BU7mnA"
    }
  }, {
    "added_at" : "2016-08-11T03:06:58Z",
    "added_by" : {
      "external_urls" : {
        "spotify" : "http://open.spotify.com/user/thewhitehouse"
      },
      "href" : "https://api.spotify.com/v1/users/thewhitehouse",
      "id" : "thewhitehouse",
      "type" : "user",
      "uri" : "spotify:user:thewhitehouse"
    },
    "is_local" : false,
    "track" : {
      "album" : {
        "album_type" : "album",
        "available_markets" : [ "CA", "MX", "US" ],
        "external_urls" : {
          "spotify" : "https://open.spotify.com/album/14JRI2yc9nKosojndoQxTv"
        },
        "href" : "https://api.spotify.com/v1/albums/14JRI2yc9nKosojndoQxTv",
        "id" : "14JRI2yc9nKosojndoQxTv",
        "images" : [ {
          "height" : 640,
          "url" : "https://i.scdn.co/image/8b0a4d74eaa5cfa2fd6ad14a670840649b3a79ac",
          "width" : 640
        }, {
          "height" : 300,
          "url" : "https://i.scdn.co/image/6f4c6db0e16a03b7ce8325f4a184d5b925871e7c",
          "width" : 300
        }, {
          "height" : 64,
          "url" : "https://i.scdn.co/image/e326a3c009dad58909049e4b93998c981eb63bb3",
          "width" : 64
        } ],
        "name" : "Lift Your Spirit",
        "type" : "album",
        "uri" : "spotify:album:14JRI2yc9nKosojndoQxTv"
      },
      "artists" : [ {
        "external_urls" : {
          "spotify" : "https://open.spotify.com/artist/0id62QV2SZZfvBn9xpmuCl"
        },
        "href" : "https://api.spotify.com/v1/artists/0id62QV2SZZfvBn9xpmuCl",
        "id" : "0id62QV2SZZfvBn9xpmuCl",
        "name" : "Aloe Blacc",
        "type" : "artist",
        "uri" : "spotify:artist:0id62QV2SZZfvBn9xpmuCl"
      } ],
      "available_markets" : [ "CA", "MX", "US" ],
      "disc_number" : 1,
      "duration_ms" : 254880,
      "explicit" : false,
      "external_ids" : {
        "isrc" : "USUM71312880"
      },
      "external_urls" : {
        "spotify" : "https://open.spotify.com/track/2stPxcgjdSImK7Gizl8ZUN"
      },
      "href" : "https://api.spotify.com/v1/tracks/2stPxcgjdSImK7Gizl8ZUN",
      "id" : "2stPxcgjdSImK7Gizl8ZUN",
      "name" : "The Man",
      "popularity" : 63,
      "preview_url" : "https://p.scdn.co/mp3-preview/3f8f533f9b84dd9c5c8c44928ad70b36041c777a",
      "track_number" : 1,
      "type" : "track",
      "uri" : "spotify:track:2stPxcgjdSImK7Gizl8ZUN"
    }
  }, {
    "added_at" : "2016-08-11T03:07:14Z",
    "added_by" : {
      "external_urls" : {
        "spotify" : "http://open.spotify.com/user/thewhitehouse"
      },
      "href" : "https://api.spotify.com/v1/users/thewhitehouse",
      "id" : "thewhitehouse",
      "type" : "user",
      "uri" : "spotify:user:thewhitehouse"
    },
    "is_local" : false,
    "track" : {
      "album" : {
        "album_type" : "album",
        "available_markets" : [ "CA", "MX", "US" ],
        "external_urls" : {
          "spotify" : "https://open.spotify.com/album/63bs3omFkaEXjzTfTFOEPj"
        },
        "href" : "https://api.spotify.com/v1/albums/63bs3omFkaEXjzTfTFOEPj",
        "id" : "63bs3omFkaEXjzTfTFOEPj",
        "images" : [ {
          "height" : 640,
          "url" : "https://i.scdn.co/image/d6cb954950633708e09ca0779c5c838267d90a33",
          "width" : 640
        }, {
          "height" : 300,
          "url" : "https://i.scdn.co/image/703ed0fc64c00ca76ba8983c36f51d9beb081ab0",
          "width" : 300
        }, {
          "height" : 64,
          "url" : "https://i.scdn.co/image/021b0ccabedcad07fda2eada8cbcc4963d5d32c0",
          "width" : 64
        } ],
        "name" : "Distant Relatives",
        "type" : "album",
        "uri" : "spotify:album:63bs3omFkaEXjzTfTFOEPj"
      },
      "artists" : [ {
        "external_urls" : {
          "spotify" : "https://open.spotify.com/artist/3w2WYNyPCPkZFoC1EqfCMe"
        },
        "href" : "https://api.spotify.com/v1/artists/3w2WYNyPCPkZFoC1EqfCMe",
        "id" : "3w2WYNyPCPkZFoC1EqfCMe",
        "name" : "Nas & Damian \"Jr. Gong\" Marley",
        "type" : "artist",
        "uri" : "spotify:artist:3w2WYNyPCPkZFoC1EqfCMe"
      } ],
      "available_markets" : [ "CA", "MX", "US" ],
      "disc_number" : 1,
      "duration_ms" : 147906,
      "explicit" : true,
      "external_ids" : {
        "isrc" : "USUM71003977"
      },
      "external_urls" : {
        "spotify" : "https://open.spotify.com/track/6gSAiLNiRUJeeC0YKbG4QB"
      },
      "href" : "https://api.spotify.com/v1/tracks/6gSAiLNiRUJeeC0YKbG4QB",
      "id" : "6gSAiLNiRUJeeC0YKbG4QB",
      "name" : "As We Enter",
      "popularity" : 53,
      "preview_url" : "https://p.scdn.co/mp3-preview/27a3d8421bfe532199c5cdddf589694dcec642d2",
      "track_number" : 1,
      "type" : "track",
      "uri" : "spotify:track:6gSAiLNiRUJeeC0YKbG4QB"
    }
  }, {
    "added_at" : "2016-08-11T03:07:37Z",
    "added_by" : {
      "external_urls" : {
        "spotify" : "http://open.spotify.com/user/thewhitehouse"
      },
      "href" : "https://api.spotify.com/v1/users/thewhitehouse",
      "id" : "thewhitehouse",
      "type" : "user",
      "uri" : "spotify:user:thewhitehouse"
    },
    "is_local" : false,
    "track" : {
      "album" : {
        "album_type" : "compilation",
        "available_markets" : [ "AR", "AU", "AT", "BE", "BO", "BR", "BG", "CA", "CL", "CO", "CR", "CY", "CZ", "DK", "DO", "DE", "EC", "EE", "SV", "FI", "FR", "GR", "GT", "HN", "HK", "HU", "IS", "IE", "IT", "LV", "LT", "LU", "MY", "MT", "MX", "NL", "NZ", "NI", "NO", "PA", "PY", "PE", "PH", "PL", "PT", "SG", "SK", "ES", "SE", "CH", "TW", "TR", "UY", "US", "GB", "AD", "LI", "MC", "ID" ],
        "external_urls" : {
          "spotify" : "https://open.spotify.com/album/5JNkzBcS8bnXeqTisumTCr"
        },
        "href" : "https://api.spotify.com/v1/albums/5JNkzBcS8bnXeqTisumTCr",
        "id" : "5JNkzBcS8bnXeqTisumTCr",
        "images" : [ {
          "height" : 600,
          "url" : "https://i.scdn.co/image/93c1ea58fb5d4c54c288ac3d5ffca9104c88fcab",
          "width" : 600
        }, {
          "height" : 300,
          "url" : "https://i.scdn.co/image/75b20fd0239318006c602fc4ca9e22ea37f85020",
          "width" : 300
        }, {
          "height" : 64,
          "url" : "https://i.scdn.co/image/5b5d6445ccaa344e82c02eedbc8270b4852981da",
          "width" : 64
        } ],
        "name" : "Little Girl Blue - The Greatest Hits",
        "type" : "album",
        "uri" : "spotify:album:5JNkzBcS8bnXeqTisumTCr"
      },
      "artists" : [ {
        "external_urls" : {
          "spotify" : "https://open.spotify.com/artist/7G1GBhoKtEPnP86X2PvEYO"
        },
        "href" : "https://api.spotify.com/v1/artists/7G1GBhoKtEPnP86X2PvEYO",
        "id" : "7G1GBhoKtEPnP86X2PvEYO",
        "name" : "Nina Simone",
        "type" : "artist",
        "uri" : "spotify:artist:7G1GBhoKtEPnP86X2PvEYO"
      } ],
      "available_markets" : [ "AR", "AU", "AT", "BE", "BO", "BR", "BG", "CA", "CL", "CO", "CR", "CY", "CZ", "DK", "DO", "DE", "EC", "EE", "SV", "FI", "FR", "GR", "GT", "HN", "HK", "HU", "IS", "IE", "IT", "LV", "LT", "LU", "MY", "MT", "MX", "NL", "NZ", "NI", "NO", "PA", "PY", "PE", "PH", "PL", "PT", "SG", "SK", "ES", "SE", "CH", "TW", "TR", "UY", "US", "GB", "AD", "LI", "MC", "ID" ],
      "disc_number" : 1,
      "duration_ms" : 622000,
      "explicit" : false,
      "external_ids" : {
        "isrc" : "USPR36500095"
      },
      "external_urls" : {
        "spotify" : "https://open.spotify.com/track/75lnIEQ3aQmKPES7V9UWA1"
      },
      "href" : "https://api.spotify.com/v1/tracks/75lnIEQ3aQmKPES7V9UWA1",
      "id" : "75lnIEQ3aQmKPES7V9UWA1",
      "name" : "Sinnerman",
      "popularity" : 56,
      "preview_url" : "https://p.scdn.co/mp3-preview/4828f810c1d0714af1ad6205cca22b8b7f051946",
      "track_number" : 3,
      "type" : "track",
      "uri" : "spotify:track:75lnIEQ3aQmKPES7V9UWA1"
    }
  }, {
    "added_at" : "2016-08-11T03:07:57Z",
    "added_by" : {
      "external_urls" : {
        "spotify" : "http://open.spotify.com/user/thewhitehouse"
      },
      "href" : "https://api.spotify.com/v1/users/thewhitehouse",
      "id" : "thewhitehouse",
      "type" : "user",
      "uri" : "spotify:user:thewhitehouse"
    },
    "is_local" : false,
    "track" : {
      "album" : {
        "album_type" : "album",
        "available_markets" : [ "AR", "AU", "AT", "BE", "BO", "BR", "BG", "CA", "CL", "CO", "CR", "CY", "CZ", "DK", "DO", "DE", "EC", "EE", "SV", "FI", "FR", "GR", "GT", "HN", "HK", "HU", "IS", "IE", "IT", "LV", "LT", "LU", "MY", "MT", "MX", "NL", "NZ", "NI", "NO", "PA", "PY", "PE", "PH", "PL", "PT", "SG", "SK", "ES", "SE", "CH", "TW", "TR", "UY", "US", "GB", "AD", "MC", "ID" ],
        "external_urls" : {
          "spotify" : "https://open.spotify.com/album/0k5C3Z7w7uQpyGFQEzl7yB"
        },
        "href" : "https://api.spotify.com/v1/albums/0k5C3Z7w7uQpyGFQEzl7yB",
        "id" : "0k5C3Z7w7uQpyGFQEzl7yB",
        "images" : [ {
          "height" : 640,
          "url" : "https://i.scdn.co/image/ddf378728637231e4a3cea4bbcb0b67efc86ff7c",
          "width" : 640
        }, {
          "height" : 300,
          "url" : "https://i.scdn.co/image/5f58be7ce9d216641e5472bfcd1478b7118490de",
          "width" : 300
        }, {
          "height" : 64,
          "url" : "https://i.scdn.co/image/67acdd1ea6142041c63ec7e9209b72d03a390f6a",
          "width" : 64
        } ],
        "name" : "Young, Gifted And Black",
        "type" : "album",
        "uri" : "spotify:album:0k5C3Z7w7uQpyGFQEzl7yB"
      },
      "artists" : [ {
        "external_urls" : {
          "spotify" : "https://open.spotify.com/artist/7nwUJBm0HE4ZxD3f5cy5ok"
        },
        "href" : "https://api.spotify.com/v1/artists/7nwUJBm0HE4ZxD3f5cy5ok",
        "id" : "7nwUJBm0HE4ZxD3f5cy5ok",
        "name" : "Aretha Franklin",
        "type" : "artist",
        "uri" : "spotify:artist:7nwUJBm0HE4ZxD3f5cy5ok"
      } ],
      "available_markets" : [ "AR", "AU", "AT", "BE", "BO", "BR", "BG", "CA", "CL", "CO", "CR", "CY", "CZ", "DK", "DO", "DE", "EC", "EE", "SV", "FI", "FR", "GR", "GT", "HN", "HK", "HU", "IS", "IE", "IT", "LV", "LT", "LU", "MY", "MT", "MX", "NL", "NZ", "NI", "NO", "PA", "PY", "PE", "PH", "PL", "PT", "SG", "SK", "ES", "SE", "CH", "TW", "TR", "UY", "US", "GB", "AD", "MC", "ID" ],
      "disc_number" : 1,
      "duration_ms" : 193573,
      "explicit" : false,
      "external_ids" : {
        "isrc" : "USAT20801196"
      },
      "external_urls" : {
        "spotify" : "https://open.spotify.com/track/7rvGZDlfqCjY9EWEUg3Xs6"
      },
      "href" : "https://api.spotify.com/v1/tracks/7rvGZDlfqCjY9EWEUg3Xs6",
      "id" : "7rvGZDlfqCjY9EWEUg3Xs6",
      "name" : "Rock Steady",
      "popularity" : 54,
      "preview_url" : "https://p.scdn.co/mp3-preview/bc2689e0fa26ecd82bdfdf041de78f9e0c56c790",
      "track_number" : 3,
      "type" : "track",
      "uri" : "spotify:track:7rvGZDlfqCjY9EWEUg3Xs6"
    }
  }, {
    "added_at" : "2016-08-11T03:08:14Z",
    "added_by" : {
      "external_urls" : {
        "spotify" : "http://open.spotify.com/user/thewhitehouse"
      },
      "href" : "https://api.spotify.com/v1/users/thewhitehouse",
      "id" : "thewhitehouse",
      "type" : "user",
      "uri" : "spotify:user:thewhitehouse"
    },
    "is_local" : false,
    "track" : {
      "album" : {
        "album_type" : "album",
        "available_markets" : [ "AR", "AU", "AT", "BE", "BO", "BR", "BG", "CA", "CL", "CO", "CR", "CY", "CZ", "DK", "DO", "DE", "EC", "EE", "SV", "FI", "FR", "GR", "GT", "HN", "HK", "HU", "IS", "IE", "IT", "LV", "LT", "LU", "MY", "MT", "MX", "NL", "NZ", "NI", "NO", "PA", "PY", "PE", "PH", "PL", "PT", "SG", "SK", "ES", "SE", "CH", "TW", "TR", "UY", "US", "GB", "AD", "LI", "MC", "ID" ],
        "external_urls" : {
          "spotify" : "https://open.spotify.com/album/37rNuexqEXWeSIOiJtn3A9"
        },
        "href" : "https://api.spotify.com/v1/albums/37rNuexqEXWeSIOiJtn3A9",
        "id" : "37rNuexqEXWeSIOiJtn3A9",
        "images" : [ {
          "height" : 640,
          "url" : "https://i.scdn.co/image/5856c03acf9a194af6f1fba25ded0cda5a4e13e5",
          "width" : 640
        }, {
          "height" : 300,
          "url" : "https://i.scdn.co/image/7d6e52429cda6f600c4624e99d91502774a77d82",
          "width" : 300
        }, {
          "height" : 64,
          "url" : "https://i.scdn.co/image/7340fd0570516d00e7fc1873bb1a0a297828a729",
          "width" : 64
        } ],
        "name" : "Smiley Smile (2001 - Remaster)",
        "type" : "album",
        "uri" : "spotify:album:37rNuexqEXWeSIOiJtn3A9"
      },
      "artists" : [ {
        "external_urls" : {
          "spotify" : "https://open.spotify.com/artist/3oDbviiivRWhXwIE8hxkVV"
        },
        "href" : "https://api.spotify.com/v1/artists/3oDbviiivRWhXwIE8hxkVV",
        "id" : "3oDbviiivRWhXwIE8hxkVV",
        "name" : "The Beach Boys",
        "type" : "artist",
        "uri" : "spotify:artist:3oDbviiivRWhXwIE8hxkVV"
      } ],
      "available_markets" : [ "AR", "AU", "AT", "BE", "BO", "BR", "BG", "CA", "CL", "CO", "CR", "CY", "CZ", "DK", "DO", "DE", "EC", "EE", "SV", "FI", "FR", "GR", "GT", "HN", "HK", "HU", "IS", "IE", "IT", "LV", "LT", "LU", "MY", "MT", "MX", "NL", "NZ", "NI", "NO", "PA", "PY", "PE", "PH", "PL", "PT", "SG", "SK", "ES", "SE", "CH", "TW", "TR", "UY", "US", "GB", "AD", "LI", "MC", "ID" ],
      "disc_number" : 1,
      "duration_ms" : 219026,
      "explicit" : false,
      "external_ids" : {
        "isrc" : "USCA20100360"
      },
      "external_urls" : {
        "spotify" : "https://open.spotify.com/track/5t9KYe0Fhd5cW6UYT4qP8f"
      },
      "href" : "https://api.spotify.com/v1/tracks/5t9KYe0Fhd5cW6UYT4qP8f",
      "id" : "5t9KYe0Fhd5cW6UYT4qP8f",
      "name" : "Good Vibrations",
      "popularity" : 66,
      "preview_url" : "https://p.scdn.co/mp3-preview/ba9868a557bdee4ef0c5f90e8bd75bb2affa9532",
      "track_number" : 6,
      "type" : "track",
      "uri" : "spotify:track:5t9KYe0Fhd5cW6UYT4qP8f"
    }
  }, {
    "added_at" : "2016-08-11T03:08:32Z",
    "added_by" : {
      "external_urls" : {
        "spotify" : "http://open.spotify.com/user/thewhitehouse"
      },
      "href" : "https://api.spotify.com/v1/users/thewhitehouse",
      "id" : "thewhitehouse",
      "type" : "user",
      "uri" : "spotify:user:thewhitehouse"
    },
    "is_local" : false,
    "track" : {
      "album" : {
        "album_type" : "single",
        "available_markets" : [ "AR", "AU", "AT", "BE", "BO", "BR", "BG", "CA", "CL", "CO", "CR", "CY", "CZ", "DK", "DO", "DE", "EC", "EE", "SV", "FI", "FR", "GR", "GT", "HN", "HU", "IS", "IE", "IT", "LV", "LT", "LU", "MT", "MX", "NL", "NZ", "NI", "NO", "PA", "PY", "PE", "PL", "PT", "SK", "ES", "SE", "CH", "TR", "UY", "US", "GB", "AD", "MC" ],
        "external_urls" : {
          "spotify" : "https://open.spotify.com/album/4KTVPkJdjNjQtP8J6S67sG"
        },
        "href" : "https://api.spotify.com/v1/albums/4KTVPkJdjNjQtP8J6S67sG",
        "id" : "4KTVPkJdjNjQtP8J6S67sG",
        "images" : [ {
          "height" : 640,
          "url" : "https://i.scdn.co/image/179ad9c003a74b2c309a1d804db281a6db943b93",
          "width" : 640
        }, {
          "height" : 300,
          "url" : "https://i.scdn.co/image/d7c12bdf5e1380f7abdc1587db394eca7940e2dd",
          "width" : 300
        }, {
          "height" : 64,
          "url" : "https://i.scdn.co/image/64d6d2e41fbb757c250db0981a0d713f377a4c7a",
          "width" : 64
        } ],
        "name" : "The Bright Lights EP",
        "type" : "album",
        "uri" : "spotify:album:4KTVPkJdjNjQtP8J6S67sG"
      },
      "artists" : [ {
        "external_urls" : {
          "spotify" : "https://open.spotify.com/artist/01aC2ikO4Xgb2LUpf9JfKp"
        },
        "href" : "https://api.spotify.com/v1/artists/01aC2ikO4Xgb2LUpf9JfKp",
        "id" : "01aC2ikO4Xgb2LUpf9JfKp",
        "name" : "Gary Clark Jr.",
        "type" : "artist",
        "uri" : "spotify:artist:01aC2ikO4Xgb2LUpf9JfKp"
      } ],
      "available_markets" : [ "AR", "AU", "AT", "BE", "BO", "BR", "BG", "CA", "CL", "CO", "CR", "CY", "CZ", "DK", "DO", "DE", "EC", "EE", "SV", "FI", "FR", "GR", "GT", "HN", "HU", "IS", "IE", "IT", "LV", "LT", "LU", "MT", "MX", "NL", "NZ", "NI", "NO", "PA", "PY", "PE", "PL", "PT", "SK", "ES", "SE", "CH", "TR", "UY", "US", "GB", "AD", "MC" ],
      "disc_number" : 1,
      "duration_ms" : 215866,
      "explicit" : false,
      "external_ids" : {
        "isrc" : "USWB11102005"
      },
      "external_urls" : {
        "spotify" : "https://open.spotify.com/track/4iu49FeQQGiUh2Dn1A8qCl"
      },
      "href" : "https://api.spotify.com/v1/tracks/4iu49FeQQGiUh2Dn1A8qCl",
      "id" : "4iu49FeQQGiUh2Dn1A8qCl",
      "name" : "Don't Owe You A Thang",
      "popularity" : 57,
      "preview_url" : "https://p.scdn.co/mp3-preview/50353d4d69db2c626b6fc518175bbcc0e8d7c069",
      "track_number" : 2,
      "type" : "track",
      "uri" : "spotify:track:4iu49FeQQGiUh2Dn1A8qCl"
    }
  }, {
    "added_at" : "2016-08-11T03:08:52Z",
    "added_by" : {
      "external_urls" : {
        "spotify" : "http://open.spotify.com/user/thewhitehouse"
      },
      "href" : "https://api.spotify.com/v1/users/thewhitehouse",
      "id" : "thewhitehouse",
      "type" : "user",
      "uri" : "spotify:user:thewhitehouse"
    },
    "is_local" : false,
    "track" : {
      "album" : {
        "album_type" : "album",
        "available_markets" : [ "CA", "MX", "US" ],
        "external_urls" : {
          "spotify" : "https://open.spotify.com/album/2HtT4gawEGgOvAPUO7tiU2"
        },
        "href" : "https://api.spotify.com/v1/albums/2HtT4gawEGgOvAPUO7tiU2",
        "id" : "2HtT4gawEGgOvAPUO7tiU2",
        "images" : [ {
          "height" : 640,
          "url" : "https://i.scdn.co/image/d4eea17e894eab07664cdb7865d0ab68187555d4",
          "width" : 640
        }, {
          "height" : 300,
          "url" : "https://i.scdn.co/image/5182812ed09627a54dfd43f827279b068d320360",
          "width" : 300
        }, {
          "height" : 64,
          "url" : "https://i.scdn.co/image/aa31e34113062f4016549a21bc41d9910ad4b8df",
          "width" : 64
        } ],
        "name" : "Gravel & Wine",
        "type" : "album",
        "uri" : "spotify:album:2HtT4gawEGgOvAPUO7tiU2"
      },
      "artists" : [ {
        "external_urls" : {
          "spotify" : "https://open.spotify.com/artist/4Gzfk9Lxm67nBs7E9BZjzG"
        },
        "href" : "https://api.spotify.com/v1/artists/4Gzfk9Lxm67nBs7E9BZjzG",
        "id" : "4Gzfk9Lxm67nBs7E9BZjzG",
        "name" : "Gin Wigmore",
        "type" : "artist",
        "uri" : "spotify:artist:4Gzfk9Lxm67nBs7E9BZjzG"
      } ],
      "available_markets" : [ "CA", "MX", "US" ],
      "disc_number" : 1,
      "duration_ms" : 170453,
      "explicit" : false,
      "external_ids" : {
        "isrc" : "AUUM71101237"
      },
      "external_urls" : {
        "spotify" : "https://open.spotify.com/track/7KNIZlX0pBSBBrkI4d8AHB"
      },
      "href" : "https://api.spotify.com/v1/tracks/7KNIZlX0pBSBBrkI4d8AHB",
      "id" : "7KNIZlX0pBSBBrkI4d8AHB",
      "name" : "Man Like That",
      "popularity" : 50,
      "preview_url" : "https://p.scdn.co/mp3-preview/5874266c92c33ca91baa8f499d27d901a0ac458d",
      "track_number" : 2,
      "type" : "track",
      "uri" : "spotify:track:7KNIZlX0pBSBBrkI4d8AHB"
    }
  }, {
    "added_at" : "2016-08-11T03:09:08Z",
    "added_by" : {
      "external_urls" : {
        "spotify" : "http://open.spotify.com/user/thewhitehouse"
      },
      "href" : "https://api.spotify.com/v1/users/thewhitehouse",
      "id" : "thewhitehouse",
      "type" : "user",
      "uri" : "spotify:user:thewhitehouse"
    },
    "is_local" : false,
    "track" : {
      "album" : {
        "album_type" : "album",
        "available_markets" : [ "CA", "MX", "US" ],
        "external_urls" : {
          "spotify" : "https://open.spotify.com/album/12DCd8u80PoRIvBgjQrtuH"
        },
        "href" : "https://api.spotify.com/v1/albums/12DCd8u80PoRIvBgjQrtuH",
        "id" : "12DCd8u80PoRIvBgjQrtuH",
        "images" : [ {
          "height" : 562,
          "url" : "https://i.scdn.co/image/89a6a490c34704c043890e5a5bae4d77845b0874",
          "width" : 640
        }, {
          "height" : 264,
          "url" : "https://i.scdn.co/image/f7d362ab11f9f6959fc994953bf0e3d355fc85d7",
          "width" : 300
        }, {
          "height" : 56,
          "url" : "https://i.scdn.co/image/50d2304f691b23da89e4e49643f6679a0d6a8c9b",
          "width" : 64
        } ],
        "name" : "Mingus Mingus Mingus Mingus Mingus",
        "type" : "album",
        "uri" : "spotify:album:12DCd8u80PoRIvBgjQrtuH"
      },
      "artists" : [ {
        "external_urls" : {
          "spotify" : "https://open.spotify.com/artist/1W8TbFzNS15VwsempfY12H"
        },
        "href" : "https://api.spotify.com/v1/artists/1W8TbFzNS15VwsempfY12H",
        "id" : "1W8TbFzNS15VwsempfY12H",
        "name" : "Charles Mingus",
        "type" : "artist",
        "uri" : "spotify:artist:1W8TbFzNS15VwsempfY12H"
      } ],
      "available_markets" : [ "CA", "MX", "US" ],
      "disc_number" : 1,
      "duration_ms" : 288666,
      "explicit" : false,
      "external_ids" : {
        "isrc" : "USMC16311235"
      },
      "external_urls" : {
        "spotify" : "https://open.spotify.com/track/1wVqyP5MC3wJmOvEk9e6Ts"
      },
      "href" : "https://api.spotify.com/v1/tracks/1wVqyP5MC3wJmOvEk9e6Ts",
      "id" : "1wVqyP5MC3wJmOvEk9e6Ts",
      "name" : "II B.S. - Edit",
      "popularity" : 49,
      "preview_url" : "https://p.scdn.co/mp3-preview/905b33330e125501cab320e763a8d928cb609e5d",
      "track_number" : 1,
      "type" : "track",
      "uri" : "spotify:track:1wVqyP5MC3wJmOvEk9e6Ts"
    }
  } ],
  "limit" : 100,
  "next" : null,
  "offset" : 0,
  "previous" : null,
  "total" : 17
}
